{
  "Naive Bayes": {
    "accuracy": 0.789701636188643,
    "precision_macro": 0.6126218720122264,
    "recall_macro": 0.3907875968855438,
    "f1_macro": 0.42789719857833863,
    "precision_weighted": 0.7715767255436746,
    "recall_weighted": 0.789701636188643,
    "f1_weighted": 0.7630384828590884,
    "roc_auc_macro": 0.8243873897185925
  },
  "Logistic Regression": {
    "accuracy": 0.7887391722810395,
    "precision_macro": 0.6242212060879387,
    "recall_macro": 0.43739137719084725,
    "f1_macro": 0.48365831209273463,
    "precision_weighted": 0.7650604750360075,
    "recall_weighted": 0.7887391722810395,
    "f1_weighted": 0.7715844401840591,
    "roc_auc_macro": 0.8402303835230936
  },
  "Support Vector Machine": {
    "accuracy": 0.810274302213667,
    "precision_macro": 0.7521810012497246,
    "recall_macro": 0.4472219345866771,
    "f1_macro": 0.5042064051265585,
    "precision_weighted": 0.7966086744498733,
    "recall_weighted": 0.810274302213667,
    "f1_weighted": 0.7847049495048866,
    "roc_auc_macro": 0.8135107413039392
  }
}